David Palmer|339987.0|2.0|https://api.ccgtrader.co.uk/uploads/_/originals/63322e3b-b01e-4233-9c6f-8b5017707e9e.jpg|1080|24-tcg|24 TCG: Day 0 Tactical Packs|2007-08-15|asome26|0
Always Watching|1031845.0|30.0|https://cards.scryfall.io/large/front/d/d/dd95982f-a2a5-4066-8ca5-3568784cde67.jpg?1678944825|5461|magic-the-gathering-ccg|Shadows over Innistrad Remastered|2023-03-21|asome26|1
Yullie|362876.0|10.0|https://api.ccgtrader.co.uk/uploads/_/originals/21e5e8c2-065b-4a1a-9715-9b1897be2d26.jpg|1146|neopets-tcg|Hannah and the Ice Caves||asome26|0
Spiritomb|1003325.0|20.0|https://api.ccgtrader.co.uk/uploads/_/originals/e4702e0e-ff35-4fde-9633-d3a169d7a552.png|5307|pokemon-tcg|Scarlet & Violet|2023-03-31|asome26|0
Quickhands Spigotgulp|681165.0|10.0|https://api.ccgtrader.co.uk/uploads/_/originals/2452a558-6a82-4e5e-b170-a260d5511c72.jpg|1297|world-of-warcraft-tcg|Blood of Gladiators|2009-03-01|asome26|0
Melffy Pony|818583.0|10.0|https://images.ygoprodeck.com/images/cards/56401775.jpg|3582|yu-gi-oh-tcg|Rise of the Duelist|2020-08-06|asome26|0
Totem Dragon|828777.0|33.0|https://images.ygoprodeck.com/images/cards/564541.jpg|3287|yu-gi-oh-tcg|Crimson Crisis|2009-03-03|asome26|0
Fifth Warrior, Funf|893415.0|30.0|https://api.ccgtrader.co.uk/uploads/_/originals/bbd131b7-d2e4-4ff5-907f-44085e3cc9bf.jpg|4512|future-card-buddyfight|X-BT03A: LVL Up! Heroes & Adventurers!|2017-09-22|asome26|0
Chaos Worm|279211.0|20.0|https://api.ccgtrader.co.uk/uploads/_/originals/7f17f3c5-d373-4c5d-ae12-58813dde8743.jpg|898|duel-masters-tcg|DM-02: Evo Crushinators Of Doom|2004-05-07|asome26|0
アレスの猛き槍|966835.0|10.0|https://api.ccgtrader.co.uk/uploads/_/originals/a57ab443-26fd-48e8-888d-eeae1ffadc7e.jpg|5019|dreadnought-tcg|Booster Pack Chapter 3: Netherworld|2015-11-26|asome26|0
Jarlaxle|693921.0|2.0|https://api.ccgtrader.co.uk/uploads/_/originals/9274f97f-c618-420e-affd-70d1a9ac161c.jpg|2144|dice-masters|Adventures in Waterdeep Team Pack|2020-01-02|asome26|0
Spirit Fighting|147744.0|10.0|https://api.ccgtrader.co.uk/uploads/_/originals/090601a1-2c6c-59a9-b4fe-51c28c2eaf4a.jpg|616|ani-mayhem-ccg|Dragonball Z|1997-08-01|asome26|0
Marth: Savior of His Realm|958573.0|33.0|https://api.ccgtrader.co.uk/uploads/_/originals/c0c622bc-8d92-456d-a4f2-d76cf2d5a05e.jpg|4915|fire-emblem-cipher-tcg|B01 - The Heroes Blade of War|2015-06-25|asome26|0
ナナ=ソレイユ|965693.0|30.0|https://api.ccgtrader.co.uk/uploads/_/originals/7b710344-0434-4b0f-b2b8-200273365e6a.jpg|4996|monster-hunter-hunting-card-tcg|B04 - Golden Fury|2009-06-26|asome26|1
Mary|974552.0|2.0|https://api.ccgtrader.co.uk/uploads/_/originals/ae1fc39b-9e35-4273-a308-5de0397933d7.jpg|5140|redemption-ccg|1st Edition Starter - B||asome26|0
Lost Soul (II Timothy 3:6-7)|974533.0|2.0|https://api.ccgtrader.co.uk/uploads/_/originals/1d414129-5781-4878-96f7-2acc803d05c6.jpg|5140|redemption-ccg|1st Edition Starter - B||asome26|0
"Contact ""C"""|806373.0|10.0|https://images.ygoprodeck.com/images/cards/87170768.jpg|3522|yu-gi-oh-tcg|2018 Mega-Tin Mega Pack|2018-08-30|asome26|0
Training in the Rain|707191.0|0.0|https://api.ccgtrader.co.uk/uploads/_/originals/103d1b80-21a4-492e-8a5f-d995cfae3f1f.jpg|1660|naruto-ccg|Sage's Legacy||asome26|0
Meditite|1008528.0|10.0|https://images.pokemontcg.io/sv7/77_hires.png|5372|pokemon-tcg|Stellar Crown|2024-09-13|asome26|0
Blizzaga [Level 4]|857147.0|30.0|https://api.ccgtrader.co.uk/uploads/_/originals/1afeca5a-5cd4-4b0a-b2de-18b6187caa28.jpg|3016|kingdom-hearts-tcg|KHTCG JAP: Break of Dawn||lastclaire|0
Ultimate 3|928670.0|0.0|https://api.ccgtrader.co.uk/uploads/_/originals/afbcf4ee-b360-4644-bc3c-7a348e048788.jpg|4869|jackie-chan-adventures|Ultimates||lastclaire|1
Jakotsu, Band of Seven|435750.0|1.0|https://api.ccgtrader.co.uk/uploads/_/originals/c6379a10-a040-4ab4-aaca-858ddc499c1f.jpg|1362|inuyasha-tcg|Feudal Warfare Decks||lastclaire|0
Mass Production|801686.0|10.0|https://api.ccgtrader.co.uk/uploads/_/originals/35559ad7-ab53-4f72-a966-7e3012d72038.jpg|3107|gundam-ms-war-tcg|Series 3: Mobile Suit Gundam||lastclaire|0
Izarco-Tvash, Born of Magma|862660.0|1.0|https://api.ccgtrader.co.uk/uploads/_/originals/59eac2b9-f08a-4314-b24b-23486026b227.jpg|4351|dragoborne-rise-to-supremacy|DragoBorne Promos|2017-07-01|lastclaire|0
Bo'aam   |866170.0|40.0|https://api.ccgtrader.co.uk/uploads/_/originals/9473dfc6-079b-40da-bde2-9d57f2659b07.jpg|1315|chaotic-tcg|Forged Unity||lastclaire|0
Crowd's Choice|974324.0|30.0|https://api.ccgtrader.co.uk/uploads/_/originals/844496cb-41ef-41f7-b149-c341b8754cb1.jpg|5128|redemption-ccg|Gospel of Christ||lastclaire|1
Harvest Time|974325.0|10.0|https://api.ccgtrader.co.uk/uploads/_/originals/e6c0cb29-b99c-4fb9-b050-cd49f9d141a9.jpg|5128|redemption-ccg|Gospel of Christ||lastclaire|0
Voice from Heaven|974326.0|10.0|https://api.ccgtrader.co.uk/uploads/_/originals/5c25fa27-9812-4ac4-a722-0a106ad0ebed.jpg|5128|redemption-ccg|Gospel of Christ||lastclaire|0
Burial|974327.0|30.0|https://api.ccgtrader.co.uk/uploads/_/originals/2395854e-c9e0-4849-9fb1-b958120f44cd.jpg|5128|redemption-ccg|Gospel of Christ||lastclaire|0
Burial Shroud|974328.0|30.0|https://api.ccgtrader.co.uk/uploads/_/originals/eeaf9b89-5651-4d8b-bf9c-a161fb631ff2.jpg|5128|redemption-ccg|Gospel of Christ||lastclaire|0
Concealed Riches|974329.0|30.0|https://api.ccgtrader.co.uk/uploads/_/originals/1e76e048-46e6-4b09-b97b-bf0c2a82b360.jpg|5128|redemption-ccg|Gospel of Christ||lastclaire|0
The Cross|974330.0|40.0|https://api.ccgtrader.co.uk/uploads/_/originals/785e66f0-97b6-477d-b44c-b2c09a8ed8f9.jpg|5128|redemption-ccg|Gospel of Christ||lastclaire|0
The Cross|974331.0|50.0|https://api.ccgtrader.co.uk/uploads/_/originals/2c2ca5e9-66bf-41a7-b5ef-5f3f4033b33a.jpg|5128|redemption-ccg|Gospel of Christ||lastclaire|0
Samaritan Water Jar|974332.0|10.0|https://api.ccgtrader.co.uk/uploads/_/originals/4f4ab321-64b8-4bec-96be-252a248fe8f9.jpg|5128|redemption-ccg|Gospel of Christ||lastclaire|0
Temple Veil|974333.0|30.0|https://api.ccgtrader.co.uk/uploads/_/originals/9a29ba61-1206-4253-a335-d949aad43971.jpg|5128|redemption-ccg|Gospel of Christ||lastclaire|0
Thirty Pieces of Silver|974334.0|10.0|https://api.ccgtrader.co.uk/uploads/_/originals/45dd3637-a978-4084-ae24-6b296d5fa3b1.jpg|5128|redemption-ccg|Gospel of Christ||monte|0
Three Nails|974335.0|30.0|https://api.ccgtrader.co.uk/uploads/_/originals/14dd074e-0442-4c91-b572-cead7cfcabee.jpg|5128|redemption-ccg|Gospel of Christ||monte|0
His Sacrifice|974336.0|40.0|https://api.ccgtrader.co.uk/uploads/_/originals/dc481294-2db0-44d2-a15c-58694ff9f834.jpg|5128|redemption-ccg|Gospel of Christ||monte|0
His Sacrifice|974337.0|50.0|https://api.ccgtrader.co.uk/uploads/_/originals/45703ee6-9bdf-4b1e-90b1-1b6c45cc060d.jpg|5128|redemption-ccg|Gospel of Christ||monte|0
Send the Helper|974338.0|10.0|https://api.ccgtrader.co.uk/uploads/_/originals/41897fae-a889-4c39-b901-f0f8af31bf3f.jpg|5128|redemption-ccg|Gospel of Christ||monte|0
Peter's Curse|974339.0|10.0|https://api.ccgtrader.co.uk/uploads/_/originals/809985f2-56aa-411d-b2e9-1395a8ad5761.jpg|5128|redemption-ccg|Gospel of Christ||monte|0
Ridicule|974340.0|10.0|https://api.ccgtrader.co.uk/uploads/_/originals/db3d8b3f-9840-41bf-b519-9efcff0c9429.jpg|5128|redemption-ccg|Gospel of Christ||monte|0
Jerusalem|974341.0|10.0|https://api.ccgtrader.co.uk/uploads/_/originals/ac80dfe7-225e-4f60-84c5-2a6c68251820.jpg|5128|redemption-ccg|Gospel of Christ||monte|0
Sychar|974342.0|10.0|https://api.ccgtrader.co.uk/uploads/_/originals/6e820c4f-b756-401e-9941-697e391a42d3.jpg|5128|redemption-ccg|Gospel of Christ||monte|0
The Church of Christ|974343.0|30.0|https://api.ccgtrader.co.uk/uploads/_/originals/9189d4ac-4ecc-40d4-b83b-96c240cc4033.jpg|5128|redemption-ccg|Gospel of Christ||monte|0
Fishing Boat|974344.0|30.0|https://api.ccgtrader.co.uk/uploads/_/originals/5437cf32-7dd3-4882-8a5c-0b76d2150ec4.jpg|5128|redemption-ccg|Gospel of Christ||monte|1
Herod's Temple|974345.0|30.0|https://api.ccgtrader.co.uk/uploads/_/originals/dd93de15-e888-45d7-8eaa-72860f6efa49.jpg|5128|redemption-ccg|Gospel of Christ||monte|0
High Priest's Palace|974346.0|30.0|https://api.ccgtrader.co.uk/uploads/_/originals/9d0e58f1-efb9-4045-bbcc-bc540ae3f98e.jpg|5128|redemption-ccg|Gospel of Christ||monte|0
Kingdoms of the World|974347.0|30.0|https://api.ccgtrader.co.uk/uploads/_/originals/04d056a9-3db7-4afa-a76d-106e40b678fb.jpg|5128|redemption-ccg|Gospel of Christ||monte|0
Golgotha|974348.0|10.0|https://api.ccgtrader.co.uk/uploads/_/originals/cfff207d-3fe0-4b85-beb6-35036677c305.jpg|5128|redemption-ccg|Gospel of Christ||monte|0
